Sale_ID,Brand,Model,Country,Storage,Color,Price_USD,Units_Sold,Revenue_USD,Customer_Rating,Payment_Method,Sale_Month,Sale_Year
1,Realme,Realme Model 2,UK,512GB,Gold,656,20,13120,3.7,Installments,11,2025
2,Vivo,Vivo Model 20,Australia,512GB,Blue,1013,9,9117,3.7,Debit Card,2,2025
3,Motorola,Motorola Model 12,Germany,512GB,White,1471,7,10297,3.1,Credit Card,2,2025
4,Vivo,Vivo Model 13,USA,512GB,Gold,1220,19,23180,3.6,Debit Card,6,2025
5,Vivo,Vivo Model 15,UAE,128GB,Silver,375,8,3000,4.4,Online Payment,1,2025
6,Xiaomi,Xiaomi Model 5,France,128GB,Blue,1129,15,16935,3.8,Installments,11,2025
7,Motorola,Motorola Model 12,Australia,128GB,Green,1161,20,23220,3.2,Installments,8,2025
8,Huawei,Huawei Model 17,India,256GB,Gold,417,12,5004,4.2,Credit Card,2,2025
9,Samsung,Samsung Model 10,Germany,128GB,Gold,495,4,1980,3.5,Debit Card,3,2025
10,Huawei,Huawei Model 6,UK,512GB,Gold,921,2,1842,4.8,Cash,3,2025
11,Realme,Realme Model 18,France,512GB,Green,930,3,2790,3.3,Cash,9,2025
12,Xiaomi,Xiaomi Model 7,UAE,64GB,Silver,953,14,13342,3.1,Cash,10,2025
13,Samsung,Samsung Model 14,France,64GB,Silver,541,15,8115,3.7,Credit Card,12,2025
14,Realme,Realme Model 6,UAE,512GB,White,476,20,9520,4.1,Debit Card,9,2025
15,Xiaomi,Xiaomi Model 5,Australia,256GB,Blue,1084,15,16260,3.9,Cash,6,2025
16,Samsung,Samsung Model 9,Australia,256GB,Blue,985,18,17730,3.6,Credit Card,7,2025
17,Xiaomi,Xiaomi Model 15,Australia,64GB,Green,695,4,2780,4.8,Online Payment,5,2025
18,OnePlus,OnePlus Model 14,Canada,128GB,Gold,1072,5,5360,4.6,Installments,12,2025
19,Oppo,Oppo Model 8,Saudi Arabia,512GB,White,1156,15,17340,3.1,Online Payment,7,2025
20,Huawei,Huawei Model 14,France,64GB,Blue,1474,10,14740,4.4,Cash,12,2025
21,Oppo,Oppo Model 12,India,512GB,Black,460,14,6440,4.8,Installments,2,2025
22,Apple,Apple Model 13,USA,64GB,White,641,8,5128,3.1,Cash,1,2025
23,Apple,Apple Model 17,India,512GB,Black,747,14,10458,3.6,Cash,9,2025
24,OnePlus,OnePlus Model 20,France,512GB,Silver,601,13,7813,4.5,Debit Card,3,2025
25,OnePlus,OnePlus Model 18,Canada,64GB,Silver,726,6,4356,4.4,Online Payment,12,2025
26,Google,Google Model 6,France,64GB,White,1032,10,10320,3.7,Credit Card,8,2025
27,Google,Google Model 4,Canada,256GB,White,610,2,1220,3.4,Installments,3,2025
28,Huawei,Huawei Model 17,UK,256GB,Green,1395,6,8370,4.5,Credit Card,12,2025
29,Realme,Realme Model 2,India,256GB,Black,1270,15,19050,3.1,Online Payment,11,2025
30,Realme,Realme Model 2,Canada,128GB,Silver,493,4,1972,4.4,Installments,1,2025
31,Vivo,Vivo Model 18,France,256GB,Silver,1176,15,17640,4.1,Installments,2,2025
32,Google,Google Model 11,France,256GB,Silver,512,3,1536,3.6,Credit Card,11,2025
33,Huawei,Huawei Model 2,France,256GB,White,817,12,9804,4.6,Debit Card,3,2025
34,Realme,Realme Model 17,Pakistan,256GB,Gold,493,12,5916,3.2,Debit Card,11,2025
35,Motorola,Motorola Model 4,France,64GB,Green,916,1,916,3.1,Debit Card,8,2025
36,Apple,Apple Model 13,Pakistan,128GB,Green,1218,4,4872,4.8,Installments,9,2025
37,Vivo,Vivo Model 10,Saudi Arabia,128GB,Blue,1038,1,1038,3.7,Online Payment,6,2025
38,Samsung,Samsung Model 20,Australia,128GB,Black,859,20,17180,4.6,Cash,3,2025
39,Realme,Realme Model 16,Canada,256GB,White,708,6,4248,4.5,Debit Card,2,2025
40,OnePlus,OnePlus Model 17,Pakistan,512GB,Gold,555,18,9990,3.2,Credit Card,2,2025
41,Xiaomi,Xiaomi Model 3,Pakistan,128GB,White,1186,2,2372,3.0,Online Payment,12,2025
42,Google,Google Model 2,UAE,512GB,Black,744,10,7440,4.7,Installments,3,2025
43,OnePlus,OnePlus Model 13,USA,64GB,Black,1152,12,13824,4.5,Cash,2,2025
44,Realme,Realme Model 5,Canada,256GB,Green,1264,6,7584,4.6,Cash,12,2025
45,Xiaomi,Xiaomi Model 16,France,128GB,Blue,306,10,3060,4.5,Credit Card,1,2025
46,Realme,Realme Model 12,India,128GB,Blue,1250,16,20000,4.7,Installments,12,2025
47,Google,Google Model 6,Saudi Arabia,256GB,Black,560,7,3920,3.3,Online Payment,7,2025
48,Vivo,Vivo Model 9,USA,512GB,Black,705,4,2820,4.7,Debit Card,9,2025
49,Xiaomi,Xiaomi Model 10,Germany,256GB,White,907,1,907,3.6,Installments,1,2025
50,Oppo,Oppo Model 16,Germany,512GB,Silver,314,8,2512,4.0,Credit Card,7,2025
51,Apple,Apple Model 12,France,512GB,Blue,1278,19,24282,4.2,Cash,7,2025
52,Realme,Realme Model 1,Australia,512GB,Gold,695,20,13900,5.0,Online Payment,6,2025
53,Motorola,Motorola Model 20,UAE,512GB,Blue,1300,18,23400,4.2,Debit Card,7,2025
54,Huawei,Huawei Model 8,UK,512GB,Silver,1409,1,1409,4.1,Installments,7,2025
55,Huawei,Huawei Model 11,India,512GB,Black,1159,11,12749,3.8,Online Payment,10,2025
56,Google,Google Model 7,Pakistan,256GB,Silver,1489,17,25313,4.0,Installments,3,2025
57,Google,Google Model 4,USA,64GB,Black,496,6,2976,3.8,Credit Card,12,2025
58,OnePlus,OnePlus Model 6,Pakistan,128GB,Green,1102,14,15428,4.6,Online Payment,10,2025
59,Google,Google Model 5,Saudi Arabia,256GB,Green,481,7,3367,3.4,Debit Card,4,2025
60,OnePlus,OnePlus Model 13,Saudi Arabia,64GB,Black,473,1,473,3.2,Cash,11,2025
61,Google,Google Model 20,USA,512GB,Gold,668,20,13360,3.1,Debit Card,3,2025
62,OnePlus,OnePlus Model 11,USA,128GB,Gold,1325,16,21200,4.0,Installments,1,2025
63,Google,Google Model 11,UAE,512GB,Black,428,15,6420,4.9,Credit Card,6,2025
64,Realme,Realme Model 18,Germany,128GB,Gold,567,7,3969,4.8,Credit Card,8,2025
65,Samsung,Samsung Model 16,Saudi Arabia,64GB,Black,973,14,13622,3.9,Credit Card,11,2025
66,Apple,Apple Model 5,Australia,256GB,Green,460,18,8280,4.3,Debit Card,3,2025
67,Samsung,Samsung Model 8,France,256GB,Gold,1442,2,2884,3.3,Debit Card,9,2025
68,Google,Google Model 12,Canada,512GB,Green,1242,4,4968,4.8,Debit Card,11,2025
69,Google,Google Model 17,India,512GB,Gold,797,8,6376,4.2,Online Payment,7,2025
70,Huawei,Huawei Model 7,Pakistan,256GB,Gold,1057,9,9513,4.9,Cash,9,2025
71,OnePlus,OnePlus Model 13,India,512GB,Green,1052,2,2104,4.7,Cash,9,2025
72,Realme,Realme Model 7,Australia,256GB,Silver,534,20,10680,4.5,Cash,10,2025
73,Huawei,Huawei Model 7,Canada,128GB,Green,991,20,19820,4.9,Credit Card,1,2025
74,Motorola,Motorola Model 20,France,64GB,Blue,1272,7,8904,3.4,Online Payment,4,2025
75,Motorola,Motorola Model 6,UK,256GB,Green,754,8,6032,4.9,Credit Card,1,2025
76,Motorola,Motorola Model 7,India,128GB,Green,335,2,670,3.6,Cash,11,2025
77,Vivo,Vivo Model 11,France,512GB,Blue,631,12,7572,4.4,Cash,12,2025
78,Realme,Realme Model 5,UK,256GB,Blue,908,7,6356,4.6,Credit Card,2,2025
79,OnePlus,OnePlus Model 9,Australia,128GB,White,1121,11,12331,4.1,Online Payment,6,2025
80,Apple,Apple Model 8,UAE,256GB,Green,1500,8,12000,4.4,Online Payment,12,2025
81,Samsung,Samsung Model 13,Pakistan,128GB,White,342,4,1368,3.2,Online Payment,11,2025
82,Samsung,Samsung Model 4,UAE,128GB,Green,1324,9,11916,4.5,Online Payment,8,2025
83,Huawei,Huawei Model 7,UAE,64GB,Green,984,10,9840,4.3,Installments,6,2025
84,Apple,Apple Model 15,UAE,256GB,Gold,1458,6,8748,3.9,Cash,12,2025
85,OnePlus,OnePlus Model 4,Pakistan,256GB,Black,1454,6,8724,3.2,Cash,12,2025
86,Oppo,Oppo Model 14,Saudi Arabia,128GB,Black,1142,16,18272,4.0,Debit Card,4,2025
87,Apple,Apple Model 13,UAE,128GB,Gold,913,9,8217,3.6,Debit Card,5,2025
88,Oppo,Oppo Model 1,USA,128GB,Blue,1315,9,11835,4.2,Installments,9,2025
89,Samsung,Samsung Model 14,USA,512GB,Gold,1167,13,15171,3.5,Debit Card,6,2025
90,OnePlus,OnePlus Model 7,UAE,256GB,Silver,1002,3,3006,3.4,Debit Card,5,2025
91,Apple,Apple Model 5,USA,64GB,Gold,790,16,12640,3.2,Debit Card,6,2025
92,Vivo,Vivo Model 7,USA,512GB,Silver,1335,6,8010,4.7,Installments,4,2025
93,Huawei,Huawei Model 2,Germany,512GB,Gold,866,12,10392,3.6,Cash,6,2025
94,Google,Google Model 1,UAE,128GB,Green,1443,1,1443,4.2,Online Payment,7,2025
95,Realme,Realme Model 6,Canada,512GB,Green,992,17,16864,4.6,Installments,10,2025
96,Vivo,Vivo Model 5,Canada,256GB,Blue,332,16,5312,4.8,Credit Card,12,2025
97,Samsung,Samsung Model 12,Canada,128GB,White,1382,12,16584,4.7,Installments,1,2025
98,Oppo,Oppo Model 2,USA,256GB,White,414,20,8280,4.4,Credit Card,4,2025
99,Google,Google Model 15,UK,512GB,Black,383,12,4596,4.8,Cash,7,2025
100,OnePlus,OnePlus Model 6,UAE,512GB,Green,1120,10,11200,3.4,Credit Card,3,2025
101,Oppo,Oppo Model 8,USA,64GB,Black,1255,2,2510,3.9,Installments,3,2025
102,OnePlus,OnePlus Model 17,France,256GB,Silver,704,8,5632,4.8,Cash,4,2025
103,Vivo,Vivo Model 8,Saudi Arabia,256GB,White,878,7,6146,4.2,Debit Card,4,2025
104,Xiaomi,Xiaomi Model 13,Germany,64GB,Gold,772,10,7720,3.9,Debit Card,8,2025
105,Motorola,Motorola Model 6,India,512GB,Silver,415,12,4980,3.1,Installments,9,2025
106,Huawei,Huawei Model 4,Pakistan,256GB,Gold,782,13,10166,3.7,Credit Card,7,2025
107,OnePlus,OnePlus Model 11,Pakistan,64GB,Blue,412,19,7828,3.6,Installments,6,2025
108,Vivo,Vivo Model 20,India,64GB,Blue,1481,10,14810,3.0,Installments,2,2025
109,Xiaomi,Xiaomi Model 18,Saudi Arabia,256GB,Black,838,2,1676,4.6,Online Payment,1,2025
110,Vivo,Vivo Model 17,Australia,512GB,Green,471,9,4239,4.6,Credit Card,7,2025
111,Google,Google Model 2,UAE,256GB,Blue,1440,19,27360,5.0,Cash,5,2025
112,Vivo,Vivo Model 10,India,128GB,Blue,858,12,10296,4.2,Debit Card,6,2025
113,Google,Google Model 14,USA,64GB,Green,507,12,6084,4.0,Credit Card,11,2025
114,Samsung,Samsung Model 15,India,64GB,Green,572,17,9724,4.0,Online Payment,7,2025
115,Realme,Realme Model 12,Saudi Arabia,64GB,Silver,1346,3,4038,3.7,Installments,2,2025
116,Xiaomi,Xiaomi Model 15,Germany,256GB,Green,825,9,7425,3.9,Credit Card,6,2025
117,Motorola,Motorola Model 10,India,256GB,Green,445,14,6230,3.9,Online Payment,8,2025
118,Motorola,Motorola Model 18,Germany,128GB,White,1463,1,1463,4.3,Credit Card,10,2025
119,Xiaomi,Xiaomi Model 6,France,256GB,Blue,1205,3,3615,3.4,Installments,1,2025
120,Huawei,Huawei Model 11,Saudi Arabia,512GB,Green,723,9,6507,3.6,Installments,7,2025
121,Vivo,Vivo Model 7,Pakistan,512GB,Gold,1235,6,7410,4.7,Cash,11,2025
122,OnePlus,OnePlus Model 13,Pakistan,256GB,Silver,1274,11,14014,3.4,Credit Card,7,2025
123,Vivo,Vivo Model 20,Pakistan,64GB,Black,1310,15,19650,4.6,Debit Card,3,2025
124,Samsung,Samsung Model 11,Canada,64GB,Silver,1374,3,4122,4.5,Debit Card,3,2025
125,Oppo,Oppo Model 3,Pakistan,64GB,Black,918,20,18360,3.7,Installments,12,2025
126,Huawei,Huawei Model 18,Australia,256GB,Gold,966,6,5796,3.2,Debit Card,5,2025
127,Xiaomi,Xiaomi Model 17,India,128GB,White,501,2,1002,4.3,Debit Card,4,2025
128,Apple,Apple Model 20,Saudi Arabia,256GB,Blue,1224,20,24480,3.5,Installments,10,2025
129,OnePlus,OnePlus Model 1,Australia,128GB,Gold,1489,16,23824,3.3,Installments,3,2025
130,OnePlus,OnePlus Model 3,UAE,512GB,Green,1403,17,23851,3.4,Debit Card,6,2025
131,Google,Google Model 16,UK,512GB,Green,1088,7,7616,3.6,Online Payment,3,2025
132,Vivo,Vivo Model 5,Pakistan,64GB,Blue,579,7,4053,3.8,Online Payment,1,2025
133,Google,Google Model 14,Australia,256GB,Gold,707,18,12726,3.4,Online Payment,5,2025
134,Oppo,Oppo Model 13,France,512GB,Black,1137,2,2274,3.1,Debit Card,4,2025
135,Realme,Realme Model 9,India,256GB,Green,388,7,2716,3.0,Cash,1,2025
136,Xiaomi,Xiaomi Model 11,Germany,256GB,Blue,612,14,8568,4.9,Debit Card,8,2025
137,Apple,Apple Model 10,Canada,256GB,Silver,1021,20,20420,4.5,Debit Card,7,2025
138,Oppo,Oppo Model 17,UAE,512GB,Blue,503,20,10060,3.4,Online Payment,11,2025
139,Samsung,Samsung Model 7,Pakistan,128GB,Gold,516,8,4128,3.1,Installments,11,2025
140,OnePlus,OnePlus Model 7,UK,128GB,Gold,1482,10,14820,4.6,Cash,6,2025
141,Apple,Apple Model 6,Australia,512GB,Green,499,8,3992,4.8,Online Payment,4,2025
142,Xiaomi,Xiaomi Model 14,India,256GB,White,458,1,458,4.7,Debit Card,4,2025
143,Xiaomi,Xiaomi Model 14,Australia,128GB,Black,494,15,7410,3.9,Credit Card,2,2025
144,Realme,Realme Model 18,Saudi Arabia,128GB,Gold,500,3,1500,4.6,Debit Card,7,2025
145,OnePlus,OnePlus Model 6,France,256GB,Green,1376,2,2752,3.6,Installments,10,2025
146,Oppo,Oppo Model 14,Australia,64GB,Silver,456,20,9120,3.1,Cash,4,2025
147,Realme,Realme Model 2,Australia,512GB,Gold,655,18,11790,4.9,Credit Card,4,2025
148,Vivo,Vivo Model 18,India,256GB,Silver,354,14,4956,4.4,Cash,7,2025
149,Motorola,Motorola Model 13,Canada,64GB,Green,812,20,16240,4.5,Debit Card,10,2025
150,Oppo,Oppo Model 7,UK,256GB,Gold,1118,7,7826,4.7,Cash,5,2025
151,Google,Google Model 16,USA,128GB,Gold,1457,8,11656,3.4,Cash,11,2025
152,Motorola,Motorola Model 20,USA,64GB,Green,1014,12,12168,4.0,Debit Card,12,2025
153,Samsung,Samsung Model 6,Germany,128GB,Blue,1057,3,3171,4.9,Debit Card,9,2025
154,OnePlus,OnePlus Model 7,UAE,256GB,Gold,1203,16,19248,3.1,Online Payment,6,2025
155,Oppo,Oppo Model 7,UK,256GB,Green,1240,2,2480,4.1,Installments,8,2025
156,Oppo,Oppo Model 14,Saudi Arabia,128GB,Black,419,2,838,4.5,Online Payment,3,2025
157,Apple,Apple Model 11,Pakistan,128GB,Gold,524,13,6812,3.0,Credit Card,11,2025
158,Vivo,Vivo Model 19,Pakistan,512GB,Silver,749,3,2247,3.7,Installments,1,2025
159,Vivo,Vivo Model 4,France,512GB,Gold,1014,16,16224,3.9,Debit Card,11,2025
160,Vivo,Vivo Model 18,Pakistan,512GB,Black,649,12,7788,3.7,Online Payment,9,2025
161,Google,Google Model 14,France,256GB,Silver,570,4,2280,3.4,Cash,4,2025
162,Oppo,Oppo Model 11,Australia,256GB,White,1186,14,16604,4.2,Credit Card,11,2025
163,Samsung,Samsung Model 17,India,512GB,Green,588,15,8820,3.8,Cash,4,2025
164,OnePlus,OnePlus Model 16,USA,64GB,Gold,1443,20,28860,3.5,Online Payment,3,2025
165,Realme,Realme Model 7,Saudi Arabia,64GB,White,465,5,2325,4.0,Credit Card,10,2025
166,Realme,Realme Model 16,Saudi Arabia,64GB,Gold,841,12,10092,4.6,Online Payment,1,2025
167,Oppo,Oppo Model 3,UK,512GB,Green,460,12,5520,3.6,Installments,11,2025
168,Samsung,Samsung Model 4,Canada,512GB,Gold,1472,4,5888,3.8,Installments,1,2025
169,Google,Google Model 12,UAE,256GB,Black,378,13,4914,3.2,Installments,3,2025
170,Xiaomi,Xiaomi Model 11,Saudi Arabia,256GB,White,710,7,4970,4.8,Installments,8,2025
171,Oppo,Oppo Model 1,India,64GB,Blue,903,9,8127,4.3,Online Payment,11,2025
172,Samsung,Samsung Model 14,Pakistan,512GB,Black,548,17,9316,4.4,Credit Card,8,2025
173,Huawei,Huawei Model 10,UAE,256GB,White,782,12,9384,3.3,Debit Card,5,2025
174,Vivo,Vivo Model 3,Australia,256GB,Green,675,18,12150,4.7,Credit Card,7,2025
175,Oppo,Oppo Model 14,France,128GB,Blue,646,19,12274,4.3,Installments,3,2025
176,Apple,Apple Model 7,UAE,512GB,Black,1009,3,3027,3.8,Debit Card,11,2025
177,Huawei,Huawei Model 5,Pakistan,128GB,Gold,1388,10,13880,4.4,Installments,2,2025
178,Google,Google Model 6,Pakistan,256GB,Blue,642,4,2568,4.8,Credit Card,11,2025
179,Google,Google Model 12,USA,64GB,White,1217,13,15821,3.6,Cash,2,2025
180,Realme,Realme Model 12,UK,512GB,Gold,477,7,3339,4.5,Credit Card,6,2025
181,Realme,Realme Model 6,Germany,128GB,Silver,1023,1,1023,3.9,Installments,1,2025
182,Apple,Apple Model 6,Australia,64GB,Green,786,5,3930,4.0,Credit Card,1,2025
183,Apple,Apple Model 7,Pakistan,128GB,White,497,7,3479,3.5,Credit Card,12,2025
184,Xiaomi,Xiaomi Model 6,India,512GB,Black,921,1,921,4.0,Cash,3,2025
185,Apple,Apple Model 2,Pakistan,128GB,Gold,1433,9,12897,5.0,Credit Card,4,2025
186,Huawei,Huawei Model 6,India,128GB,Gold,1222,8,9776,4.2,Credit Card,2,2025
187,Apple,Apple Model 13,UK,256GB,Blue,1279,16,20464,4.9,Debit Card,3,2025
188,Xiaomi,Xiaomi Model 14,UAE,512GB,White,1275,19,24225,4.9,Credit Card,1,2025
189,Xiaomi,Xiaomi Model 10,Canada,128GB,Blue,391,7,2737,5.0,Debit Card,9,2025
190,Realme,Realme Model 8,UK,256GB,Green,361,1,361,3.8,Credit Card,8,2025
191,Motorola,Motorola Model 13,Saudi Arabia,64GB,Green,1132,11,12452,3.4,Cash,8,2025
192,Google,Google Model 20,Australia,512GB,Black,715,17,12155,4.8,Credit Card,7,2025
193,Oppo,Oppo Model 16,Saudi Arabia,512GB,Blue,1148,8,9184,4.5,Credit Card,1,2025
194,Samsung,Samsung Model 19,Canada,128GB,Gold,1251,12,15012,3.0,Debit Card,9,2025
195,Oppo,Oppo Model 13,USA,64GB,Blue,1041,17,17697,4.9,Installments,10,2025
196,OnePlus,OnePlus Model 1,USA,512GB,Green,547,12,6564,4.5,Installments,7,2025
197,OnePlus,OnePlus Model 19,Pakistan,512GB,Gold,858,18,15444,5.0,Cash,11,2025
198,Realme,Realme Model 7,India,128GB,Black,585,15,8775,3.5,Online Payment,11,2025
199,Huawei,Huawei Model 3,Germany,128GB,Blue,1379,6,8274,4.4,Online Payment,10,2025
200,OnePlus,OnePlus Model 19,Australia,256GB,Silver,741,18,13338,4.1,Online Payment,2,2025
201,Xiaomi,Xiaomi Model 13,USA,128GB,Silver,452,15,6780,3.2,Credit Card,2,2025
202,Huawei,Huawei Model 3,USA,512GB,Gold,843,3,2529,5.0,Credit Card,7,2025
203,Samsung,Samsung Model 13,India,256GB,Green,650,5,3250,4.1,Online Payment,4,2025
204,Xiaomi,Xiaomi Model 20,Germany,512GB,Green,1332,12,15984,3.8,Cash,10,2025
205,Apple,Apple Model 14,UK,128GB,White,322,6,1932,4.0,Installments,9,2025
206,Xiaomi,Xiaomi Model 20,Canada,512GB,Gold,500,19,9500,3.1,Installments,3,2025
207,Samsung,Samsung Model 19,UK,64GB,Silver,1198,6,7188,3.8,Cash,6,2025
208,Vivo,Vivo Model 7,Saudi Arabia,128GB,Silver,1087,18,19566,3.8,Debit Card,3,2025
209,Samsung,Samsung Model 15,India,64GB,White,1306,18,23508,3.8,Online Payment,10,2025
210,Huawei,Huawei Model 18,Germany,256GB,Blue,1084,17,18428,3.6,Online Payment,6,2025
211,Motorola,Motorola Model 17,Canada,128GB,Black,822,20,16440,4.9,Cash,6,2025
212,Realme,Realme Model 8,France,512GB,Black,460,18,8280,3.4,Debit Card,6,2025
213,Apple,Apple Model 16,Australia,512GB,Black,483,15,7245,3.6,Cash,5,2025
214,OnePlus,OnePlus Model 13,France,512GB,Silver,898,13,11674,4.3,Cash,11,2025
215,Realme,Realme Model 16,Australia,256GB,Silver,959,7,6713,3.4,Cash,2,2025
216,Realme,Realme Model 15,UAE,128GB,Black,966,20,19320,3.7,Credit Card,9,2025
217,Vivo,Vivo Model 14,USA,128GB,Gold,525,1,525,3.7,Cash,5,2025
218,Apple,Apple Model 10,France,64GB,White,1135,5,5675,3.6,Online Payment,9,2025
219,Huawei,Huawei Model 4,USA,512GB,Gold,1005,2,2010,3.4,Credit Card,5,2025
220,Vivo,Vivo Model 14,Pakistan,512GB,White,719,11,7909,4.8,Cash,9,2025
221,Motorola,Motorola Model 14,USA,128GB,Blue,344,8,2752,4.0,Installments,2,2025
222,OnePlus,OnePlus Model 18,Pakistan,512GB,Blue,467,20,9340,3.8,Debit Card,2,2025
223,Google,Google Model 15,Germany,64GB,Green,1405,18,25290,4.7,Online Payment,10,2025
224,Huawei,Huawei Model 16,Germany,256GB,Silver,988,14,13832,4.6,Credit Card,1,2025
225,Vivo,Vivo Model 1,UAE,512GB,Gold,387,10,3870,4.6,Debit Card,7,2025
226,Motorola,Motorola Model 8,UK,512GB,Gold,1115,15,16725,4.2,Credit Card,12,2025
227,Oppo,Oppo Model 14,Canada,256GB,Green,343,10,3430,3.9,Installments,1,2025
228,Apple,Apple Model 18,India,256GB,Gold,474,13,6162,3.3,Cash,11,2025
229,Samsung,Samsung Model 3,Australia,64GB,Silver,682,9,6138,3.9,Debit Card,2,2025
230,Xiaomi,Xiaomi Model 7,Saudi Arabia,256GB,Silver,501,14,7014,4.4,Cash,4,2025
231,Huawei,Huawei Model 14,Canada,512GB,Gold,1173,16,18768,4.9,Debit Card,10,2025
232,Oppo,Oppo Model 3,UK,64GB,White,1084,3,3252,3.6,Installments,12,2025
233,Xiaomi,Xiaomi Model 20,Germany,256GB,Silver,647,16,10352,4.7,Online Payment,8,2025
234,Motorola,Motorola Model 17,Germany,128GB,Black,393,13,5109,4.0,Cash,3,2025
235,Huawei,Huawei Model 10,Canada,64GB,White,877,10,8770,3.1,Debit Card,11,2025
236,Huawei,Huawei Model 12,UK,128GB,Silver,917,16,14672,3.6,Cash,8,2025
237,Realme,Realme Model 16,UAE,128GB,Blue,1050,5,5250,4.4,Debit Card,6,2025
238,Motorola,Motorola Model 5,Saudi Arabia,128GB,Blue,1487,10,14870,3.0,Credit Card,7,2025
239,Motorola,Motorola Model 15,USA,128GB,Black,1234,6,7404,4.2,Online Payment,7,2025
240,Apple,Apple Model 15,Canada,256GB,Blue,1071,3,3213,4.8,Credit Card,6,2025
241,Motorola,Motorola Model 1,France,256GB,Green,318,11,3498,4.5,Online Payment,6,2025
242,OnePlus,OnePlus Model 8,Canada,128GB,Blue,922,10,9220,3.8,Credit Card,6,2025
243,Realme,Realme Model 14,UAE,64GB,Blue,1245,17,21165,3.4,Cash,10,2025
244,Xiaomi,Xiaomi Model 4,France,256GB,White,713,19,13547,3.2,Credit Card,5,2025
245,Vivo,Vivo Model 14,Saudi Arabia,128GB,Silver,813,4,3252,3.8,Installments,3,2025
246,Google,Google Model 15,Canada,512GB,Blue,1069,12,12828,3.8,Installments,10,2025
247,Samsung,Samsung Model 4,India,512GB,Green,947,17,16099,3.7,Cash,6,2025
248,Google,Google Model 17,Australia,64GB,Black,1474,7,10318,4.7,Cash,4,2025
249,Apple,Apple Model 9,France,128GB,Green,1135,9,10215,3.5,Cash,8,2025
250,Google,Google Model 20,India,512GB,Black,1050,5,5250,3.0,Debit Card,7,2025
251,Motorola,Motorola Model 1,France,64GB,Black,1216,4,4864,4.5,Credit Card,6,2025
252,OnePlus,OnePlus Model 14,Saudi Arabia,512GB,Blue,592,5,2960,4.4,Online Payment,10,2025
253,Motorola,Motorola Model 13,France,256GB,Gold,734,7,5138,4.6,Cash,12,2025
254,Vivo,Vivo Model 7,Saudi Arabia,256GB,Gold,888,10,8880,4.2,Online Payment,8,2025
255,Xiaomi,Xiaomi Model 12,USA,512GB,Black,530,7,3710,4.3,Online Payment,8,2025
256,Google,Google Model 14,Saudi Arabia,128GB,White,319,9,2871,3.3,Online Payment,12,2025
257,Apple,Apple Model 20,Australia,64GB,Green,322,18,5796,3.3,Cash,1,2025
258,Samsung,Samsung Model 2,India,512GB,Blue,889,12,10668,3.3,Cash,7,2025
259,Huawei,Huawei Model 18,Germany,64GB,Blue,986,10,9860,4.3,Online Payment,9,2025
260,Vivo,Vivo Model 17,France,64GB,Gold,1500,11,16500,3.5,Online Payment,5,2025
261,Samsung,Samsung Model 7,Saudi Arabia,64GB,Silver,1083,18,19494,3.7,Cash,9,2025
262,Apple,Apple Model 18,Germany,128GB,Green,1340,16,21440,3.1,Credit Card,8,2025
263,Vivo,Vivo Model 10,Pakistan,64GB,White,1089,13,14157,3.1,Online Payment,6,2025
264,Apple,Apple Model 15,Germany,128GB,Blue,581,12,6972,4.7,Installments,5,2025
265,Oppo,Oppo Model 11,Saudi Arabia,64GB,Gold,1341,7,9387,4.2,Installments,9,2025
266,Motorola,Motorola Model 20,UK,64GB,Silver,1087,18,19566,3.5,Online Payment,9,2025
267,Oppo,Oppo Model 8,USA,128GB,White,1094,13,14222,3.2,Debit Card,5,2025
268,Samsung,Samsung Model 16,Saudi Arabia,512GB,Silver,1247,12,14964,4.1,Credit Card,10,2025
269,Oppo,Oppo Model 5,Pakistan,128GB,Green,715,3,2145,4.3,Online Payment,2,2025
270,Oppo,Oppo Model 1,UAE,128GB,Blue,1015,8,8120,4.0,Credit Card,7,2025
271,Motorola,Motorola Model 12,Canada,128GB,White,1066,13,13858,3.6,Online Payment,5,2025
272,Apple,Apple Model 8,France,128GB,Silver,1436,7,10052,4.8,Cash,12,2025
273,Realme,Realme Model 18,France,128GB,White,327,8,2616,4.0,Installments,6,2025
274,Oppo,Oppo Model 14,Germany,128GB,Blue,727,17,12359,3.7,Installments,1,2025
275,Vivo,Vivo Model 12,France,256GB,Silver,1361,16,21776,3.5,Online Payment,3,2025
276,Google,Google Model 17,India,256GB,Green,687,18,12366,3.2,Credit Card,3,2025
277,Xiaomi,Xiaomi Model 9,USA,64GB,Gold,736,15,11040,3.2,Cash,12,2025
278,Realme,Realme Model 1,India,256GB,White,645,12,7740,3.2,Debit Card,7,2025
279,Vivo,Vivo Model 17,UAE,64GB,White,889,4,3556,3.4,Credit Card,1,2025
280,Motorola,Motorola Model 5,UAE,64GB,Black,1329,4,5316,3.7,Installments,7,2025
281,Huawei,Huawei Model 20,UAE,512GB,White,1109,3,3327,4.9,Credit Card,7,2025
282,Apple,Apple Model 18,Saudi Arabia,64GB,White,673,4,2692,4.4,Cash,1,2025
283,Apple,Apple Model 18,UK,128GB,Gold,1406,9,12654,3.1,Online Payment,9,2025
284,Realme,Realme Model 7,Canada,128GB,Gold,1298,13,16874,4.3,Cash,6,2025
285,Huawei,Huawei Model 4,Australia,256GB,Green,667,9,6003,3.6,Cash,2,2025
286,Samsung,Samsung Model 7,Germany,512GB,Blue,1446,13,18798,3.6,Debit Card,2,2025
287,Huawei,Huawei Model 13,USA,256GB,White,390,9,3510,4.9,Online Payment,5,2025
288,Xiaomi,Xiaomi Model 15,Australia,256GB,Gold,1162,15,17430,5.0,Installments,2,2025
289,Samsung,Samsung Model 7,France,128GB,White,345,13,4485,4.2,Installments,8,2025
290,Oppo,Oppo Model 19,UK,64GB,White,1022,19,19418,4.2,Credit Card,5,2025
291,OnePlus,OnePlus Model 1,India,64GB,White,621,15,9315,3.1,Credit Card,9,2025
292,Oppo,Oppo Model 14,India,128GB,Green,1073,11,11803,4.6,Online Payment,8,2025
293,Google,Google Model 15,Saudi Arabia,64GB,Silver,488,7,3416,3.1,Credit Card,3,2025
294,Huawei,Huawei Model 12,USA,64GB,Green,1257,3,3771,3.3,Cash,7,2025
295,Motorola,Motorola Model 5,UAE,64GB,Silver,402,12,4824,4.2,Online Payment,6,2025
296,Samsung,Samsung Model 4,UAE,64GB,White,709,18,12762,4.9,Installments,1,2025
297,Vivo,Vivo Model 5,Saudi Arabia,128GB,Black,738,18,13284,3.7,Cash,8,2025
298,Oppo,Oppo Model 4,India,64GB,Black,682,7,4774,3.3,Online Payment,12,2025
299,Google,Google Model 3,India,64GB,Green,835,15,12525,5.0,Cash,4,2025
300,OnePlus,OnePlus Model 20,UAE,128GB,Silver,1089,13,14157,4.8,Debit Card,5,2025
301,Xiaomi,Xiaomi Model 12,India,256GB,Green,1255,19,23845,4.6,Online Payment,4,2025
302,Google,Google Model 9,India,256GB,Green,617,12,7404,4.8,Credit Card,5,2025
303,OnePlus,OnePlus Model 18,Pakistan,64GB,Blue,928,18,16704,4.6,Installments,8,2025
304,Huawei,Huawei Model 14,USA,256GB,Green,713,2,1426,4.3,Installments,9,2025
305,Samsung,Samsung Model 3,Australia,256GB,Gold,797,4,3188,4.3,Credit Card,10,2025
306,Google,Google Model 6,UK,256GB,Silver,480,18,8640,5.0,Debit Card,9,2025
307,Samsung,Samsung Model 19,Australia,64GB,Silver,1384,12,16608,4.4,Installments,4,2025
308,Realme,Realme Model 7,France,64GB,Black,1113,9,10017,5.0,Debit Card,5,2025
309,Huawei,Huawei Model 18,USA,256GB,Blue,1071,13,13923,4.6,Online Payment,10,2025
310,Motorola,Motorola Model 20,Australia,128GB,Green,1065,8,8520,4.6,Online Payment,6,2025
311,Google,Google Model 12,UK,64GB,Gold,1058,4,4232,4.5,Debit Card,2,2025
312,Xiaomi,Xiaomi Model 2,Saudi Arabia,64GB,White,1407,2,2814,3.1,Cash,11,2025
313,Samsung,Samsung Model 7,Canada,128GB,Black,374,18,6732,3.9,Credit Card,11,2025
314,Motorola,Motorola Model 13,UAE,256GB,Gold,1101,2,2202,4.0,Online Payment,1,2025
315,Apple,Apple Model 13,France,512GB,White,1040,12,12480,3.8,Credit Card,8,2025
316,Motorola,Motorola Model 18,UK,256GB,Black,539,1,539,3.7,Online Payment,10,2025
317,Motorola,Motorola Model 10,Germany,64GB,Gold,909,17,15453,4.9,Cash,12,2025
318,Vivo,Vivo Model 15,USA,128GB,Gold,500,10,5000,3.2,Debit Card,2,2025
319,Oppo,Oppo Model 15,France,64GB,Silver,613,13,7969,3.1,Cash,8,2025
320,Motorola,Motorola Model 4,France,512GB,Black,1031,16,16496,4.7,Installments,5,2025
321,Motorola,Motorola Model 2,Pakistan,512GB,Green,645,8,5160,3.5,Credit Card,5,2025
322,Huawei,Huawei Model 9,USA,512GB,Silver,302,1,302,4.3,Online Payment,4,2025
323,OnePlus,OnePlus Model 11,Saudi Arabia,128GB,Green,560,8,4480,4.9,Online Payment,4,2025
324,Vivo,Vivo Model 19,Australia,128GB,Blue,452,20,9040,3.6,Credit Card,7,2025
325,Google,Google Model 20,USA,256GB,Blue,486,8,3888,3.9,Cash,6,2025
326,Oppo,Oppo Model 19,USA,512GB,White,857,10,8570,5.0,Cash,1,2025
327,Google,Google Model 10,India,512GB,Blue,1483,20,29660,3.8,Debit Card,1,2025
328,Xiaomi,Xiaomi Model 15,Pakistan,512GB,Silver,895,11,9845,4.6,Debit Card,1,2025
329,Oppo,Oppo Model 3,UK,64GB,Gold,1215,6,7290,4.6,Debit Card,6,2025
330,Huawei,Huawei Model 18,Australia,512GB,Gold,775,10,7750,3.8,Cash,4,2025
331,Realme,Realme Model 2,USA,256GB,Silver,572,3,1716,4.3,Cash,3,2025
332,Samsung,Samsung Model 20,Pakistan,64GB,White,757,12,9084,3.0,Installments,12,2025
333,Vivo,Vivo Model 10,France,512GB,Gold,967,9,8703,3.7,Credit Card,8,2025
334,Motorola,Motorola Model 9,UAE,512GB,Blue,320,8,2560,3.3,Debit Card,3,2025
335,Realme,Realme Model 2,Germany,512GB,Silver,562,18,10116,5.0,Online Payment,1,2025
336,OnePlus,OnePlus Model 6,Germany,64GB,Silver,1068,12,12816,3.8,Credit Card,5,2025
337,Motorola,Motorola Model 2,USA,512GB,Silver,1019,6,6114,3.3,Debit Card,11,2025
338,Realme,Realme Model 17,USA,512GB,Silver,592,7,4144,3.9,Installments,3,2025
339,Xiaomi,Xiaomi Model 11,Germany,64GB,Black,1437,5,7185,4.0,Installments,11,2025
340,Apple,Apple Model 19,UK,128GB,White,1236,13,16068,4.6,Installments,6,2025
341,Huawei,Huawei Model 2,India,128GB,Silver,1085,20,21700,3.8,Credit Card,2,2025
342,OnePlus,OnePlus Model 16,UAE,512GB,Green,1270,2,2540,3.4,Debit Card,1,2025
343,Apple,Apple Model 3,Australia,256GB,Blue,422,18,7596,3.6,Credit Card,9,2025
344,Motorola,Motorola Model 7,Germany,128GB,White,1464,19,27816,3.8,Online Payment,2,2025
345,Apple,Apple Model 15,Australia,128GB,Silver,1160,7,8120,3.8,Debit Card,4,2025
346,Huawei,Huawei Model 7,Australia,256GB,Blue,812,3,2436,3.2,Credit Card,3,2025
347,Motorola,Motorola Model 14,UK,128GB,White,528,20,10560,3.4,Installments,8,2025
348,Apple,Apple Model 20,India,64GB,Blue,577,3,1731,3.2,Cash,6,2025
349,Google,Google Model 13,USA,256GB,Blue,1059,1,1059,3.1,Debit Card,12,2025
350,Motorola,Motorola Model 19,Pakistan,64GB,Black,1156,8,9248,3.7,Installments,3,2025
351,Huawei,Huawei Model 12,Saudi Arabia,256GB,Gold,1476,18,26568,4.0,Debit Card,4,2025
352,OnePlus,OnePlus Model 7,UK,128GB,Black,1481,12,17772,3.1,Installments,10,2025
353,Google,Google Model 5,France,512GB,Silver,902,19,17138,4.7,Cash,3,2025
354,Google,Google Model 18,UK,128GB,Blue,1412,5,7060,3.8,Installments,2,2025
355,Xiaomi,Xiaomi Model 17,USA,128GB,Green,416,15,6240,3.0,Online Payment,3,2025
356,Samsung,Samsung Model 20,UAE,128GB,Silver,1271,18,22878,5.0,Debit Card,12,2025
357,Vivo,Vivo Model 12,France,64GB,Green,431,1,431,4.8,Online Payment,4,2025
358,Apple,Apple Model 3,UK,64GB,White,826,9,7434,3.5,Installments,4,2025
359,Vivo,Vivo Model 1,Canada,256GB,Silver,726,1,726,4.7,Online Payment,9,2025
360,Motorola,Motorola Model 13,India,256GB,Blue,723,7,5061,3.6,Credit Card,5,2025
361,Vivo,Vivo Model 17,Pakistan,512GB,White,940,18,16920,4.1,Cash,9,2025
362,Huawei,Huawei Model 9,Germany,256GB,Black,1036,19,19684,4.5,Installments,11,2025
363,Huawei,Huawei Model 6,Australia,128GB,Green,1252,19,23788,3.4,Credit Card,3,2025
364,Vivo,Vivo Model 13,Germany,64GB,White,1254,16,20064,4.9,Cash,7,2025
365,Motorola,Motorola Model 12,UAE,256GB,Green,843,8,6744,3.3,Credit Card,7,2025
366,Motorola,Motorola Model 20,India,256GB,Blue,1406,9,12654,4.6,Online Payment,11,2025
367,Vivo,Vivo Model 17,USA,256GB,Green,399,9,3591,4.6,Installments,7,2025
368,Google,Google Model 20,UAE,64GB,Green,1184,4,4736,4.1,Debit Card,3,2025
369,Samsung,Samsung Model 5,UK,256GB,Black,715,4,2860,4.6,Debit Card,8,2025
370,Vivo,Vivo Model 7,UK,128GB,Gold,1310,1,1310,4.2,Cash,8,2025
371,OnePlus,OnePlus Model 11,France,512GB,Blue,552,8,4416,3.8,Debit Card,6,2025
372,Google,Google Model 17,UK,64GB,Gold,1284,17,21828,3.6,Online Payment,9,2025
373,Google,Google Model 16,USA,64GB,Gold,1026,3,3078,3.5,Installments,6,2025
374,Realme,Realme Model 11,France,256GB,Gold,991,15,14865,4.5,Credit Card,4,2025
375,Huawei,Huawei Model 19,India,256GB,White,1372,20,27440,4.5,Cash,12,2025
376,Motorola,Motorola Model 14,Pakistan,128GB,Blue,1423,9,12807,4.3,Credit Card,9,2025
377,Xiaomi,Xiaomi Model 16,Australia,128GB,Blue,644,19,12236,4.2,Cash,9,2025
378,Samsung,Samsung Model 18,USA,256GB,Silver,1197,5,5985,3.8,Cash,1,2025
379,Samsung,Samsung Model 12,UAE,256GB,White,1000,6,6000,4.3,Debit Card,8,2025
380,Realme,Realme Model 19,Australia,512GB,Silver,490,17,8330,3.8,Credit Card,7,2025
381,Realme,Realme Model 8,France,512GB,Blue,666,3,1998,3.0,Cash,11,2025
382,Samsung,Samsung Model 17,Germany,128GB,Gold,1123,2,2246,3.2,Installments,9,2025
383,Xiaomi,Xiaomi Model 4,Australia,256GB,Silver,1075,16,17200,3.6,Online Payment,2,2025
384,Apple,Apple Model 2,India,64GB,Gold,1334,10,13340,4.5,Installments,4,2025
385,Huawei,Huawei Model 5,UK,256GB,Silver,384,14,5376,4.0,Debit Card,2,2025
386,Vivo,Vivo Model 14,UAE,128GB,Silver,1280,1,1280,3.5,Installments,10,2025
387,Xiaomi,Xiaomi Model 1,Germany,256GB,Silver,532,3,1596,4.8,Cash,1,2025
388,Huawei,Huawei Model 2,Canada,256GB,Blue,789,6,4734,4.0,Installments,7,2025
389,Oppo,Oppo Model 4,USA,64GB,Blue,1259,19,23921,3.9,Online Payment,11,2025
390,Samsung,Samsung Model 7,Australia,256GB,Green,1347,14,18858,4.3,Debit Card,3,2025
391,Vivo,Vivo Model 16,UAE,64GB,Gold,746,19,14174,4.7,Credit Card,11,2025
392,Samsung,Samsung Model 5,UK,128GB,Gold,1000,9,9000,4.7,Online Payment,8,2025
393,Motorola,Motorola Model 18,Pakistan,256GB,Blue,507,4,2028,4.2,Online Payment,11,2025
394,Motorola,Motorola Model 8,UAE,128GB,Blue,1273,20,25460,3.0,Cash,3,2025
395,Samsung,Samsung Model 7,Canada,256GB,Blue,595,1,595,4.8,Installments,7,2025
396,Vivo,Vivo Model 14,India,512GB,Gold,557,6,3342,3.2,Installments,11,2025
397,Xiaomi,Xiaomi Model 19,UK,64GB,White,1449,9,13041,3.8,Installments,7,2025
398,Xiaomi,Xiaomi Model 3,UAE,256GB,Blue,1148,18,20664,4.9,Debit Card,3,2025
399,Realme,Realme Model 4,Australia,256GB,Green,764,16,12224,4.0,Installments,8,2025
400,Apple,Apple Model 12,Pakistan,64GB,Silver,874,2,1748,4.1,Debit Card,7,2025
401,Apple,Apple Model 16,Saudi Arabia,64GB,Black,1481,9,13329,3.5,Credit Card,7,2025
402,Oppo,Oppo Model 14,UK,64GB,Gold,569,9,5121,4.5,Debit Card,7,2025
403,Apple,Apple Model 11,Pakistan,64GB,Silver,529,18,9522,3.2,Credit Card,1,2025
404,Google,Google Model 2,UAE,512GB,Silver,455,10,4550,4.0,Online Payment,11,2025
405,Realme,Realme Model 18,Germany,128GB,Green,547,4,2188,4.3,Debit Card,7,2025
406,Vivo,Vivo Model 19,Pakistan,512GB,Silver,820,1,820,4.4,Cash,10,2025
407,Realme,Realme Model 7,Germany,64GB,Silver,328,10,3280,3.8,Debit Card,12,2025
408,Huawei,Huawei Model 5,UK,128GB,Blue,713,15,10695,4.8,Debit Card,2,2025
409,Google,Google Model 14,Germany,64GB,Black,1307,16,20912,4.6,Credit Card,11,2025
410,Realme,Realme Model 17,UK,128GB,Green,1227,6,7362,3.5,Credit Card,8,2025
411,Xiaomi,Xiaomi Model 17,UK,64GB,Gold,648,19,12312,4.4,Credit Card,4,2025
412,Motorola,Motorola Model 7,UK,128GB,Gold,574,5,2870,4.8,Debit Card,9,2025
413,Apple,Apple Model 14,Germany,128GB,Gold,672,11,7392,4.9,Online Payment,6,2025
414,Motorola,Motorola Model 11,Australia,64GB,Green,572,3,1716,4.0,Cash,11,2025
415,Samsung,Samsung Model 16,Pakistan,64GB,White,852,7,5964,5.0,Online Payment,6,2025
416,Apple,Apple Model 10,UAE,128GB,Silver,1117,18,20106,4.4,Online Payment,12,2025
417,Oppo,Oppo Model 9,Saudi Arabia,128GB,Gold,1378,20,27560,4.0,Credit Card,9,2025
418,Samsung,Samsung Model 18,Australia,128GB,White,518,8,4144,4.7,Debit Card,10,2025
419,Google,Google Model 18,Pakistan,512GB,Black,500,8,4000,3.7,Installments,10,2025
420,Oppo,Oppo Model 9,Germany,128GB,Gold,1151,15,17265,3.9,Credit Card,1,2025
421,Google,Google Model 1,USA,512GB,White,767,12,9204,5.0,Cash,12,2025
422,Vivo,Vivo Model 7,France,512GB,Green,1002,18,18036,4.1,Credit Card,10,2025
423,Vivo,Vivo Model 2,Australia,256GB,Black,712,2,1424,3.1,Installments,11,2025
424,Motorola,Motorola Model 13,Saudi Arabia,512GB,Green,573,9,5157,4.6,Credit Card,12,2025
425,Huawei,Huawei Model 14,Pakistan,64GB,Green,784,13,10192,3.2,Online Payment,1,2025
426,Oppo,Oppo Model 9,Saudi Arabia,512GB,Blue,1130,16,18080,3.1,Debit Card,7,2025
427,Oppo,Oppo Model 2,Australia,512GB,Blue,1490,9,13410,4.5,Cash,3,2025
428,Realme,Realme Model 11,Saudi Arabia,256GB,Gold,1084,13,14092,4.2,Credit Card,11,2025
429,Samsung,Samsung Model 18,Australia,256GB,White,1183,7,8281,4.4,Debit Card,10,2025
430,Xiaomi,Xiaomi Model 6,India,64GB,Black,986,15,14790,4.4,Cash,4,2025
431,Oppo,Oppo Model 1,Australia,512GB,Gold,1225,16,19600,4.4,Cash,10,2025
432,Oppo,Oppo Model 7,UK,512GB,Silver,336,20,6720,4.8,Cash,8,2025
433,Apple,Apple Model 14,Canada,256GB,Gold,922,11,10142,3.4,Credit Card,11,2025
434,Vivo,Vivo Model 20,Canada,512GB,White,1003,5,5015,3.9,Cash,12,2025
435,Samsung,Samsung Model 7,USA,256GB,White,911,18,16398,4.1,Installments,6,2025
436,Apple,Apple Model 4,USA,64GB,Gold,1333,5,6665,4.0,Cash,11,2025
437,Apple,Apple Model 3,Australia,512GB,Gold,819,13,10647,3.9,Debit Card,1,2025
438,Xiaomi,Xiaomi Model 18,UAE,64GB,Silver,1460,9,13140,4.2,Installments,3,2025
439,Realme,Realme Model 5,USA,64GB,Silver,327,11,3597,3.4,Online Payment,11,2025
440,Huawei,Huawei Model 5,USA,256GB,Silver,584,13,7592,4.4,Debit Card,10,2025
441,Vivo,Vivo Model 18,India,512GB,Green,1312,1,1312,3.2,Credit Card,12,2025
442,OnePlus,OnePlus Model 6,Australia,256GB,Gold,350,2,700,4.4,Credit Card,7,2025
443,Vivo,Vivo Model 15,USA,128GB,Silver,688,12,8256,3.3,Credit Card,8,2025
444,OnePlus,OnePlus Model 6,Saudi Arabia,64GB,Gold,1466,8,11728,4.6,Cash,12,2025
445,Xiaomi,Xiaomi Model 7,Pakistan,128GB,Blue,910,10,9100,4.4,Cash,8,2025
446,Oppo,Oppo Model 13,USA,128GB,Blue,663,3,1989,4.8,Online Payment,11,2025
447,Google,Google Model 8,USA,512GB,Black,846,8,6768,3.9,Cash,9,2025
448,Xiaomi,Xiaomi Model 3,UK,512GB,Blue,1109,16,17744,4.1,Credit Card,8,2025
449,Vivo,Vivo Model 11,Canada,256GB,Silver,475,2,950,3.4,Credit Card,4,2025
450,Motorola,Motorola Model 7,UAE,512GB,Silver,503,8,4024,4.9,Debit Card,5,2025
451,Apple,Apple Model 2,USA,256GB,Gold,658,8,5264,4.0,Cash,9,2025
452,Google,Google Model 18,Australia,64GB,Gold,1149,9,10341,3.4,Online Payment,8,2025
453,Vivo,Vivo Model 6,France,512GB,Silver,474,17,8058,3.5,Cash,10,2025
454,Vivo,Vivo Model 3,France,64GB,Gold,1261,3,3783,4.9,Cash,11,2025
455,Google,Google Model 19,France,128GB,White,739,8,5912,4.5,Credit Card,10,2025
456,Motorola,Motorola Model 13,USA,256GB,Black,1266,11,13926,3.7,Online Payment,9,2025
457,Motorola,Motorola Model 15,UK,64GB,Silver,538,3,1614,4.4,Online Payment,5,2025
458,Samsung,Samsung Model 17,USA,64GB,Green,1372,7,9604,3.9,Credit Card,4,2025
459,Oppo,Oppo Model 20,UAE,128GB,White,1015,4,4060,3.8,Online Payment,3,2025
460,Samsung,Samsung Model 9,France,128GB,Gold,1338,13,17394,3.9,Cash,10,2025
461,Motorola,Motorola Model 12,Saudi Arabia,128GB,Silver,561,7,3927,3.8,Cash,7,2025
462,Oppo,Oppo Model 5,UK,64GB,Green,772,14,10808,4.5,Cash,3,2025
463,Samsung,Samsung Model 9,Canada,128GB,White,766,4,3064,3.8,Installments,1,2025
464,Apple,Apple Model 6,Canada,512GB,Black,1288,14,18032,3.2,Installments,1,2025
465,Realme,Realme Model 13,France,128GB,Gold,473,12,5676,4.0,Credit Card,8,2025
466,Samsung,Samsung Model 1,Pakistan,128GB,Green,987,7,6909,4.9,Online Payment,7,2025
467,Google,Google Model 19,USA,128GB,Green,1148,10,11480,5.0,Online Payment,11,2025
468,Realme,Realme Model 20,Germany,256GB,White,1024,2,2048,4.3,Debit Card,10,2025
469,Apple,Apple Model 1,France,512GB,White,1342,11,14762,3.2,Credit Card,5,2025
470,Huawei,Huawei Model 13,USA,64GB,White,592,18,10656,3.6,Installments,9,2025
471,Oppo,Oppo Model 11,Australia,256GB,Black,690,15,10350,3.6,Installments,9,2025
472,Oppo,Oppo Model 17,France,64GB,White,1439,12,17268,4.3,Installments,10,2025
473,Xiaomi,Xiaomi Model 16,Canada,512GB,Blue,768,9,6912,4.7,Cash,8,2025
474,Huawei,Huawei Model 11,Canada,512GB,Black,1475,7,10325,4.2,Installments,4,2025
475,Huawei,Huawei Model 11,India,256GB,Silver,413,13,5369,4.6,Debit Card,12,2025
476,Oppo,Oppo Model 19,Canada,64GB,Gold,506,5,2530,3.6,Online Payment,3,2025
477,Samsung,Samsung Model 11,France,512GB,Black,910,7,6370,3.8,Cash,7,2025
478,Motorola,Motorola Model 3,USA,128GB,Black,1022,17,17374,3.1,Cash,3,2025
479,Vivo,Vivo Model 8,UK,256GB,Black,729,6,4374,4.4,Online Payment,5,2025
480,Huawei,Huawei Model 13,USA,64GB,Gold,496,18,8928,4.2,Debit Card,11,2025
481,Motorola,Motorola Model 10,France,256GB,Gold,709,5,3545,5.0,Debit Card,1,2025
482,Motorola,Motorola Model 20,India,64GB,Silver,1104,8,8832,4.8,Debit Card,10,2025
483,Vivo,Vivo Model 19,USA,256GB,Silver,1058,11,11638,4.5,Debit Card,4,2025
484,Xiaomi,Xiaomi Model 8,UAE,128GB,Black,544,19,10336,4.7,Debit Card,8,2025
485,Motorola,Motorola Model 8,India,512GB,Green,529,17,8993,4.1,Debit Card,10,2025
486,Oppo,Oppo Model 15,USA,128GB,Black,433,10,4330,4.1,Installments,6,2025
487,Huawei,Huawei Model 11,Canada,512GB,Green,910,3,2730,3.8,Cash,3,2025
488,Realme,Realme Model 6,UAE,512GB,White,655,16,10480,3.5,Online Payment,6,2025
489,Xiaomi,Xiaomi Model 20,Canada,256GB,Silver,381,17,6477,3.2,Debit Card,6,2025
490,Oppo,Oppo Model 12,Pakistan,64GB,Green,681,2,1362,3.2,Cash,5,2025
491,Motorola,Motorola Model 20,Canada,512GB,Black,670,13,8710,3.5,Online Payment,5,2025
492,Google,Google Model 7,USA,64GB,Green,531,14,7434,4.0,Credit Card,9,2025
493,Vivo,Vivo Model 12,USA,512GB,White,1488,6,8928,4.0,Debit Card,6,2025
494,Vivo,Vivo Model 20,Germany,64GB,Blue,1483,17,25211,4.3,Debit Card,6,2025
495,Realme,Realme Model 14,Australia,128GB,Gold,952,3,2856,3.8,Credit Card,4,2025
496,OnePlus,OnePlus Model 5,UK,128GB,Blue,371,10,3710,3.5,Debit Card,6,2025
497,Xiaomi,Xiaomi Model 4,Canada,128GB,Gold,414,8,3312,5.0,Installments,7,2025
498,Vivo,Vivo Model 9,Pakistan,256GB,Blue,314,17,5338,4.6,Cash,7,2025
499,Samsung,Samsung Model 19,France,128GB,Gold,342,1,342,4.5,Cash,6,2025
500,Xiaomi,Xiaomi Model 14,UK,64GB,Gold,1457,4,5828,3.2,Installments,9,2025
